﻿Accounts;Bold;Background;FontStyle;LetterColor;Align;Size;Comment
Revenues;<bold>;;<italic>;;<center>;;<comment>
Net sales revenues;<bold>;rgb(128, 191, 255);;;;;
Cost of goods sold;<bold>;rgb(128, 191, 255);;;;;
Manufacturing overhead;<bold>;;<italic>;;<center>;;<comment>
Net mfr overhead;<bold>;rgb(128, 191, 255);;;;;
Net costs of goods sold;<bold>;rgb(128, 191, 255);;;;;
Gross profit;<bold>;rgb(0, 102, 204);;<white>;<center>;<large>;
Operating expenses;<bold>;;<italic>;;;;
Total selling expenses;<bold>;rgb(128, 191, 255);;;;;
General & administrative expenses;<bold>;;<italic>;;<center>;;<comment>
Other general & admin expenses;<bold>;rgb(128, 191, 255);;<white>;<center>;<large>;
total general & admin expenses;<bold>;<soft>;;;;;
total operating expenses;<bold>;rgb(128, 191, 255);;;;;
Operating income before taxes;<bold>;rgb(0, 102, 204);;<white>;;<large>;
Financial revenue & expenses;<bold>;;<italic>;;<center>;;<comment>
Income before tax & extraordinary items;<bold>;rgb(0, 102, 204);;<white>;;<large>;
Extraordinary items;<bold>;;<italic>;;<center>;;<comment>
Net gain on sale of land;<bold>;rgb(0, 102, 204);;<white>;<center>;<large>;
Extraordinary items after tax;<bold>;rgb(0, 102, 204);;<white>;<center>;<large>;
Net Income (Profit);<bold>;<night>;;<white>;<center>;<large>;
