﻿Accounts;Parent;Bold;Background;FontStyle;LetterColor;Align;Size;Comment;UnderlineColor;Exp1Background;Exp1LetterColor;Exp2Background;Exp2LetterColor;Exp3Background;Exp3LetterColor;Exp4Background;Exp4LetterColor;Exp5Background;Exp5LetterColor;Exp6Background;Exp6LetterColor;Exp7Background;Exp7LetterColor;Exp8Background;Exp8LetterColor;Exp9Background;Exp9LetterColor
Revenues;Net sales revenues;;rgb(183, 219, 255);<italic>;;<center>;;<comment>;#000000;;;;;;;;;;;;;;;;;;
Gross sales revenues;Net sales revenues;;;;;;;;;;;;;;;;;;;;;;;;;;
Less return & allowances;Net sales revenues;;;;;;;;;;;;;;;;;;;;;;;;;;
Net sales revenues;Net mfr overhead;<bold>;<soft>;;;;;;;rgb(125,154,172);rgb(3,65,101);rgb(185,201,209);rgb(3,65,101);rgb(185,201,209);rgb(3,65,101);rgb(3,65,101);<white>;rgb(3,65,101);<white>;rgb(185,201,209);rgb(3,65,101);;;;;;
Cost of goods sold;Net mfr overhead;<bold>;;;;;;;;;;;;;;;;;;;;;;;;;
Direct materials;Net mfr overhead;;;;;;;;;;;;;;;;;;;;;;;;;;
Direct labor;Net mfr overhead;;;;;;;;;;;;;;;;;;;;;;;;;;
Manufacturing overhead;Net mfr overhead;;#b7dbff;<italic>;;<center>;;<comment>;#000000;;;;;;;;;;;;;;;;;;
Indirect labor;Net mfr overhead;;;;;;;;;;;;;;;;;;;;;;;;;;
Depreciation, manufacturing equip;Net mfr overhead;;;;;;;;;;;;;;;;;;;;;;;;;;
Other mfr overhead;Net mfr overhead;;;;;;;;;;;;;;;;;;;;;;;;;;
Net mfr overhead;Gross profit;<bold>;<violete>;;;;;;;;;;;;;;;;;;;;;;;;
Net costs of goods sold;Gross profit;<bold>;<violete>;;;;;;;;;;;;;;;;;;;;;;;;
Gross profit;Operating income before taxes;<bold>;<dark>;;;<center>;<large>;;;rgb(125,154,172);rgb(3,65,101);rgb(185,201,209);rgb(3,65,101);rgb(185,201,209);rgb(3,65,101);rgb(3,65,101);<white>;rgb(3,65,101);<white>;rgb(185,201,209);rgb(3,65,101);;;;;;
Operating expenses;Total selling expenses;<bold>;;<italic>;;<center>;;<comment>;#000000;;;;;;;;;;;;;;;;;;
Selling expenses;Total selling expenses;;;;;;;;;;;;;;;;;;;;;;;;;;
Sales salaries;Total selling expenses;;;;;;;;;;;;;;;;;;;;;;;;;;
Warranty expenses;Total selling expenses;;;;;;;;;;;;;;;;;;;;;;;;;;
Depreciation, store equipment;Total selling expenses;;;;;;;;;;;;;;;;;;;;;;;;;;
Other selling expenses3;Total selling expenses;;;;;;;;;;;;;;;;;;;;;;;;;;
Total selling expenses;total operating expenses;<bold>;<violete>;;;;;;;;;;;;;;;;;;;;;;;;
General & administrative expenses;Other general & admin expenses;;#b7dbff;<italic>;;<center>;;<comment>;#000000;;;;;;;;;;;;;;;;;;
Administration salaries;Other general & admin expenses;;;;;;;;;;;;;;;;;;;;;;;;;;
Rent expenses;Other general & admin expenses;;;;;;;;;;;;;;;;;;;;;;;;;;
Depreciation, computers;Other general & admin expenses;;;;;;;;;;;;;;;;;;;;;;;;;;
Other general & admin expenses;total general & admin expenses;;;;;;;;;;;;;;;;;;;;;;;;;;
total general & admin expenses;total operating expenses;<bold>;<soft>;;;;;;;;;;;;;;;;;;;;;;;;
total operating expenses;Operating income before taxes;<bold>;<violete>;;;;;;;;;;;;;;;;;;;;;;;;
Operating income before taxes;Income before tax & extraordinary items;<bold>;<dark>;;<white>;;<large>;;;rgb(125,154,172);rgb(3,65,101);rgb(185,201,209);rgb(3,65,101);rgb(185,201,209);rgb(3,65,101);rgb(3,65,101);<white>;rgb(3,65,101);<white>;rgb(185,201,209);rgb(3,65,101);;;;;;
Financial revenue & expenses;Income before tax & extraordinary items;;#b7dbff;<italic>;;<center>;;<comment>;#000000;;;;;;;;;;;;;;;;;;
Revenue from investments;Income before tax & extraordinary items;;;;;;;;;;;;;;;;;;;;;;;;;;
Less interest expenses;Income before tax & extraordinary items;;;;;;;;;;;;;;;;;;;;;;;;;;
Net financial gain (expense);Income before tax & extraordinary items;;;;;;;;;;;;;;;;;;;;;;;;;;
Income before tax & extraordinary items;Net gain on sale of land;<bold>;<dark>;;<white>;;<large>;;;rgb(125,154,172);rgb(3,65,101);rgb(185,201,209);rgb(3,65,101);rgb(185,201,209);rgb(3,65,101);rgb(3,65,101);<white>;rgb(3,65,101);<white>;rgb(185,201,209);rgb(3,65,101);;;;;;
Less income tax on operations;Net gain on sale of land;;;;;;;;;;;;;;;;;;;;;;;;;;
Income before extraordinary items;Net gain on sale of land;;;;;;;;;;;;;;;;;;;;;;;;;;
Extraordinary items;Net gain on sale of land;;#b7dbff;<italic>;;<center>;;<comment>;#000000;;;;;;;;;;;;;;;;;;
Sale of land;Net gain on sale of land;;;;;;;;;;;;;;;;;;;;;;;;;;
Less initial cost;Net gain on sale of land;;;;;;;;;;;;;;;;;;;;;;;;;;
Net gain on sale of land;Extraordinary items after tax;<bold>;<soft>;;;;;;;;;;;;;;;;;;;;;;;;
Less income tax on gain;Extraordinary items after tax;;;;;;;;;;;;;;;;;;;;;;;;;;
Extraordinary items after tax;Net Income (Profit);<bold>;<soft>;;;;;;;;;;;;;;;;;;;;;;;;
